reservoir_name_th,reservoir_name_en,river_basin_th,river_basin_en,dam_province_code,dam_province_th,lat,lon,downstream_prov_codes,downstream_prov_th,capacity_mcm_ref,source_type
เขื่อนภูมิพล,Bhumibol Dam,แม่น้ำปิง,Ping River,63,ตาก,17.2417,98.9833,"63,62,60,18,17,15,14,13,12,11,10","ตาก,กำแพงเพชร,นครสวรรค์,ชัยนาท,สิงห์บุรี,อ่างทอง,พระนครศรีอยุธยา,ปทุมธานี,นนทบุรี,สมุทรปราการ,กรุงเทพมหานคร",13462,dam
เขื่อนสิริกิติ์,Sirikit Dam,แม่น้ำน่าน,Nan River,53,อุตรดิตถ์,17.9225,100.6589,"53,65,66,60,18,15,14,13,12,11,10","อุตรดิตถ์,พิษณุโลก,พิจิตร,นครสวรรค์,ชัยนาท,อ่างทอง,พระนครศรีอยุธยา,ปทุมธานี,นนทบุรี,สมุทรปราการ,กรุงเทพมหานคร",9510,dam
เขื่อนแม่งัดสมบูรณ์ชล,Mae Ngat Somboon Chon Dam,แม่น้ำปิง,Ping River,50,เชียงใหม่,19.0667,98.9167,"50,51,63,62,60","เชียงใหม่,ลำพูน,ตาก,กำแพงเพชร,นครสวรรค์",265,dam
เขื่อนแม่กวง,Mae Kuang Dam,แม่น้ำกวง,Mae Kuang River,50,เชียงใหม่,18.9833,99.1167,"50,51","เชียงใหม่,ลำพูน",263,dam
เขื่อนกิ่วลม,Kiew Lom Dam,แม่น้ำวัง,Wang River,52,ลำปาง,18.7167,99.4500,"52,63,62","ลำปาง,ตาก,กำแพงเพชร",107,dam
เขื่อนกิ่วคอหมา,Kiew Kho Ma Dam,แม่น้ำวัง,Wang River,52,ลำปาง,18.7833,99.4833,"52,63","ลำปาง,ตาก",130,dam
เขื่อนทับเสลา,Thap Salao Dam,แม่น้ำสะแกกรัง,Sakae Krang River,61,อุทัยธานี,15.6000,99.6333,"61,18","อุทัยธานี,ชัยนาท",160,dam
เขื่อนห้วยขุนแก้ว,Huai Khun Kaeo Dam,แม่น้ำสะแกกรัง,Sakae Krang River,61,อุทัยธานี,15.7500,99.7167,"61","อุทัยธานี",70,dam
เขื่อนป่าสักชลสิทธิ์,Pa Sak Jolasid Dam,แม่น้ำป่าสัก,Pa Sak River,16,ลพบุรี,14.9167,101.0333,"16,19,14","ลพบุรี,สระบุรี,พระนครศรีอยุธยา",960,dam
เขื่อนขุนด่านปราการชล,Khun Dan Prakan Chon Dam,แม่น้ำนครนายก,Nakhon Nayok River,26,นครนายก,14.3333,101.2500,"26,25","นครนายก,ปราจีนบุรี",224,dam
เขื่อนศรีนครินทร์,Sri Nakharin Dam,แม่น้ำแควใหญ่,Khwae Yai River,71,กาญจนบุรี,14.8667,98.8833,"71,70,75","กาญจนบุรี,ราชบุรี,สมุทรสงคราม",17745,dam
เขื่อนวชิราลงกรณ,Vajiralongkorn Dam,แม่น้ำแควน้อย,Khwae Noi River,71,กาญจนบุรี,14.8000,98.5333,"71,70,75","กาญจนบุรี,ราชบุรี,สมุทรสงคราม",8860,dam
เขื่อนแก่งกระจาน,Kaeng Krachan Dam,แม่น้ำเพชรบุรี,Phetchaburi River,76,เพชรบุรี,13.0000,99.6000,"76","เพชรบุรี",710,dam
เขื่อนอุบลรัตน์,Ubolratana Dam,แม่น้ำชี,Chi River,40,ขอนแก่น,16.7500,102.6167,"40,44,45,35,34","ขอนแก่น,มหาสารคาม,ร้อยเอ็ด,ยโสธร,อุบลราชธานี",2431,dam
เขื่อนจุฬาภรณ์,Chulabhorn Dam,แม่น้ำชี,Chi River,36,ชัยภูมิ,16.1833,101.8500,"36,40","ชัยภูมิ,ขอนแก่น",166,dam
เขื่อนลำปาว,Lam Pao Dam,แม่น้ำชี,Chi River,46,กาฬสินธุ์,16.7833,103.8167,"46,44,45","กาฬสินธุ์,มหาสารคาม,ร้อยเอ็ด",1430,dam
เขื่อนน้ำอูน,Nam Un Dam,ลำน้ำอูน,Nam Un River,47,สกลนคร,17.4167,103.8833,"47,48","สกลนคร,นครพนม",520,dam
เขื่อนห้วยหลวง,Huai Luang Dam,ห้วยหลวง,Huai Luang River,41,อุดรธานี,17.5833,103.0833,"41,43","อุดรธานี,หนองคาย",135,dam
เขื่อนลำตะคอง,Lam Takhong Dam,ลำตะคอง,Lam Takhong River,30,นครราชสีมา,14.8833,101.7833,"30","นครราชสีมา",314,dam
เขื่อนลำพระเพลิง,Lam Phra Phloeng Dam,ลำพระเพลิง,Lam Phra Phloeng River,30,นครราชสีมา,14.8167,102.1500,"30","นครราชสีมา",181,dam
เขื่อนลำแซะ,Lam Sae Dam,ลำแซะ,Lam Sae River,30,นครราชสีมา,15.0500,102.3167,"30,31","นครราชสีมา,บุรีรัมย์",285,dam
เขื่อนมูลบน,Mun Bon Dam,ลำมูลบน,Mun Bon River,30,นครราชสีมา,15.3167,102.5167,"30","นครราชสีมา",128,dam
เขื่อนลำนางรอง,Lam Nang Rong Dam,ลำนางรอง,Lam Nang Rong River,31,บุรีรัมย์,14.6833,102.9833,"31","บุรีรัมย์",165,dam
เขื่อนสิรินธร,Sirindhorn Dam,แม่น้ำโขง (มูล),Mekong (Mun) River,34,อุบลราชธานี,15.1833,105.3167,"34","อุบลราชธานี",1966,dam
เขื่อนปากมูล,Pak Mun Dam,แม่น้ำมูล,Mun River,34,อุบลราชธานี,15.3000,105.5500,"34","อุบลราชธานี",0,dam
เขื่อนบางพระ,Bang Phra Dam,คลองบางพระ,Bang Phra Canal,20,ชลบุรี,13.4333,101.1167,"20","ชลบุรี",117,dam
เขื่อนหนองปลาไหล,Nong Pla Lai Dam,คลองใหญ่,Khlong Yai River,21,ระยอง,12.9833,101.4333,"21","ระยอง",165,dam
เขื่อนประแสร์,Prasae Dam,คลองประแสร์,Prasae River,21,ระยอง,12.7500,101.7167,"21,22","ระยอง,จันทบุรี",385,dam
เขื่อนคลองสียัด,Khlong Si Yat Dam,คลองสียัด,Si Yat River,24,ฉะเชิงเทรา,13.6167,101.5667,"24","ฉะเชิงเทรา",420,dam
เขื่อนรัชชประภา,Ratchaprapha Dam,แม่น้ำตาปี,Tapi River,84,สุราษฎร์ธานี,9.0833,98.8167,"84","สุราษฎร์ธานี",5635,dam
เขื่อนบางลาง,Bang Lang Dam,แม่น้ำปัตตานี,Pattani River,95,ยะลา,5.7333,101.5667,"95,94","ยะลา,ปัตตานี",1430,dam
เขื่อนคลองหลา,Khlong La Dam,คลองหลา,Khlong La River,90,สงขลา,6.8333,100.5833,"90","สงขลา",165,dam
เขื่อนแม่มอก,Mae Mok Dam,แม่น้ำมอก,Mae Mok River,52,ลำปาง,18.2833,99.6500,"52","ลำปาง",123,dam
อ่างเก็บน้ำลำปะเทีย,Lam Phatia Reservoir,แม่น้ำมูล,Mun River,30,นครราชสีมา,15.0,102.05,30,นครราชสีมา,0,reservoir
อ่างเก็บน้ำห้วยทรายตอนบน 1,Huai Sai Upper 1 Reservoir,แม่น้ำมูล,Mun River,30,นครราชสีมา,14.83,102.1,30,นครราชสีมา,0,reservoir
อ่างเก็บน้ำโคกภูใหม่ 2,Khok Phu Mai 2 Reservoir,ลำน้ำพุง,Nam Phung River,47,สกลนคร,17.1,104.0,47,สกลนคร,0,reservoir
อ่างเก็บน้ำห้วยหินชะแนนใหญ่,Huai Hin Cha Naen Yai Reservoir,แม่น้ำโขง,Mekong River,49,มุกดาหาร,16.6,104.75,49,มุกดาหาร,0,reservoir
อ่างเก็บน้ำห้วยกระเฌอ,Huai Krachoe Reservoir,แม่น้ำมูล,Mun River,32,สุรินทร์,14.7,103.8,32,สุรินทร์,0,reservoir
อ่างเก็บน้ำห้วยขี้หิน,Huai Khi Hin Reservoir,แม่น้ำชี,Chi River,36,ชัยภูมิ,16.1,102.0,36,ชัยภูมิ,0,reservoir
อ่างเก็บน้ำห้วยเรือ,Huai Ruea Reservoir,แม่น้ำมูล,Mun River,30,นครราชสีมา,14.5,102.4,30,นครราชสีมา,0,reservoir
อ่างเก็บน้ำห้วยเคลิ้ม,Huai Kloem Reservoir,แม่น้ำเลย,Loei River,42,เลย,17.4,101.8,42,เลย,0,reservoir
อ่างเก็บน้ำห้วยน้ำบ่อ,Huai Nam Bo Reservoir,ลำน้ำพุง,Nam Phung River,47,สกลนคร,17.2,103.9,47,สกลนคร,0,reservoir
อ่างเก็บน้ำห้วยเดียก,Huai Diak Reservoir,แม่น้ำโขง,Mekong River,48,นครพนม,17.4,104.7,48,นครพนม,0,reservoir
อ่างเก็บน้ำคลองดินแดง,Khlong Din Daeng Reservoir,แม่น้ำแม่กลอง,Mae Klong River,70,ราชบุรี,13.5,99.9,70,ราชบุรี,0,reservoir
อ่างเก็บน้ำแม่ขาน,Mae Khan Reservoir,แม่น้ำปิง,Ping River,50,เชียงใหม่,18.5833,98.8,"50,51","เชียงใหม่,ลำพูน",265,reservoir
อ่างเก็บน้ำห้วยตึงเฒ่า,Huai Tueng Thao Reservoir,แม่น้ำปิง,Ping River,50,เชียงใหม่,18.9,98.95,50,เชียงใหม่,15,reservoir
อ่างเก็บน้ำแม่ฝาง,Mae Fang Reservoir,แม่น้ำกก,Kok River,50,เชียงใหม่,19.7333,99.1,50,เชียงใหม่,119,reservoir
อ่างเก็บน้ำแม่เมาะ,Mae Mo Reservoir,แม่น้ำวัง,Wang River,52,ลำปาง,18.3167,99.6833,52,ลำปาง,36,reservoir
อ่างเก็บน้ำห้วยแม่ยาว,Huai Mae Yao Reservoir,แม่น้ำกก,Kok River,57,เชียงราย,19.7833,99.95,57,เชียงราย,50,reservoir
อ่างเก็บน้ำจุลมณี,Chun Reservoir,แม่น้ำยม,Yom River,54,แพร่,18.2167,99.8833,"54,64,60","แพร่,สุโขทัย,นครสวรรค์",194,reservoir
อ่างเก็บน้ำห้วยน้ำดัง,Huai Nam Dang Reservoir,แม่น้ำปิง,Ping River,50,เชียงใหม่,19.5333,98.7167,50,เชียงใหม่,22,reservoir
อ่างเก็บน้ำลำเชียงไกร,Lam Chiang Krai Reservoir,แม่น้ำมูล,Mun River,30,นครราชสีมา,15.1833,102.45,30,นครราชสีมา,185,reservoir
อ่างเก็บน้ำลำสะพุง,Lam Saphung Reservoir,แม่น้ำชี,Chi River,36,ชัยภูมิ,16.0833,102.1,36,ชัยภูมิ,145,reservoir
อ่างเก็บน้ำห้วยสามพาด,Huai Sam Phad Reservoir,แม่น้ำโขง,Mekong River,41,อุดรธานี,17.8333,103.0833,"41,43","อุดรธานี,หนองคาย",113,reservoir
อ่างเก็บน้ำน้ำพุง,Nam Phung Reservoir,ลำน้ำพุง,Nam Phung River,47,สกลนคร,17.3167,103.6,"47,48","สกลนคร,นครพนม",165,reservoir
อ่างเก็บน้ำห้วยเสนง,Huai Saneng Reservoir,แม่น้ำมูล,Mun River,32,สุรินทร์,14.7833,103.4167,32,สุรินทร์,70,reservoir
อ่างเก็บน้ำห้วยตลาด,Huai Talat Reservoir,แม่น้ำชี,Chi River,40,ขอนแก่น,16.4333,102.8333,40,ขอนแก่น,51,reservoir
อ่างเก็บน้ำลำพุดซา,Lam Phutsa Reservoir,แม่น้ำมูล,Mun River,30,นครราชสีมา,14.5833,102.0,30,นครราชสีมา,100,reservoir
อ่างเก็บน้ำโป่งขุนเพชร,Pong Khun Phet Reservoir,แม่น้ำสะแกกรัง,Sakae Krang River,18,ชัยนาท,15.5,100.75,"18,16","ชัยนาท,ลพบุรี",70,reservoir
อ่างเก็บน้ำห้วยโสมง,Huai Somong Reservoir,แม่น้ำบางปะกง,Bang Pakong River,25,ปราจีนบุรี,14.1167,101.5,"25,26","ปราจีนบุรี,นครนายก",300,reservoir
อ่างเก็บน้ำห้วยแม่ประจันต์,Huai Mae Prachan Reservoir,แม่น้ำเพชรบุรี,Phetchaburi River,76,เพชรบุรี,13.2333,99.4,76,เพชรบุรี,48,reservoir
อ่างเก็บน้ำปราณบุรี,Pran Buri Reservoir,แม่น้ำปราณบุรี,Pran Buri River,77,ประจวบคีรีขันธ์,12.4167,99.9,77,ประจวบคีรีขันธ์,325,reservoir
อ่างเก็บน้ำบางวาด,Bang Wad Reservoir,คลองบางวาด,Bang Wad Canal,83,ภูเก็ต,8.0,98.3333,83,ภูเก็ต,18,reservoir
อ่างเก็บน้ำกุยบุรี,Kui Buri Reservoir,แม่น้ำกุยบุรี,Kui Buri River,77,ประจวบคีรีขันธ์,12.05,99.8833,77,ประจวบคีรีขันธ์,100,reservoir
อ่างเก็บน้ำบ้านทวน,Ban Thuan Reservoir,แม่น้ำตาปี,Tapi River,84,สุราษฎร์ธานี,9.1333,99.3333,84,สุราษฎร์ธานี,71,reservoir
เขื่อนทับเบิก,Thap Boek Dam,แม่น้ำป่าสัก,Pa Sak River,67,เพชรบูรณ์,16.0167,101.2333,"67,16,19,14","เพชรบูรณ์,ลพบุรี,สระบุรี,พระนครศรีอยุธยา",0,dam
เขื่อนกระเสียว,Krasiao Dam,แม่น้ำท่าจีน,Tha Chin River,72,สุพรรณบุรี,14.8500,99.7333,"72,73,74","สุพรรณบุรี,นครปฐม,สมุทรสาคร",315,dam
อ่างเก็บน้ำน้ำว้า,Nam Wa Reservoir,แม่น้ำน่าน,Nan River,55,น่าน,18.5833,101.0833,55,น่าน,165,reservoir
อ่างเก็บน้ำน้ำปัว,Nam Pua Reservoir,แม่น้ำน่าน,Nan River,55,น่าน,19.1667,100.9167,55,น่าน,25,reservoir
อ่างเก็บน้ำแม่ต๋ำ,Mae Tam Reservoir,แม่น้ำอิง,Ing River,56,พะเยา,19.1500,100.0500,56,พะเยา,150,reservoir
อ่างเก็บน้ำแม่เงา,Mae Ngao Reservoir,แม่น้ำยวม,Yuam River,58,แม่ฮ่องสอน,18.3833,97.8500,58,แม่ฮ่องสอน,40,reservoir
อ่างเก็บน้ำแม่ต๊ะ,Mae Ta Reservoir,แม่น้ำปิง,Ping River,58,แม่ฮ่องสอน,18.1667,97.9667,58,แม่ฮ่องสอน,18,reservoir
อ่างเก็บน้ำคลองพระสะทึง,Khlong Phra Sathueng Reservoir,แม่น้ำบางปะกง,Bang Pakong River,27,สระแก้ว,13.8833,102.0167,"27,25","สระแก้ว,ปราจีนบุรี",175,reservoir
อ่างเก็บน้ำห้วยสำราญ,Huai Samran Reservoir,แม่น้ำมูล,Mun River,33,ศรีสะเกษ,14.8333,104.5000,"33,34","ศรีสะเกษ,อุบลราชธานี",65,reservoir
อ่างเก็บน้ำห้วยศาลา,Huai Sala Reservoir,แม่น้ำมูล,Mun River,33,ศรีสะเกษ,14.9167,104.3333,33,ศรีสะเกษ,40,reservoir
อ่างเก็บน้ำห้วยโมง,Huai Mong Reservoir,ลำน้ำโมง,Nam Mong River,39,หนองบัวลำภู,17.5000,102.1667,"39,41","หนองบัวลำภู,อุดรธานี",75,reservoir
อ่างเก็บน้ำห้วยลิ้นควาย,Huai Lin Khwai Reservoir,แม่น้ำชี,Chi River,37,อำนาจเจริญ,15.7500,104.5833,"37,34","อำนาจเจริญ,อุบลราชธานี",50,reservoir
อ่างเก็บน้ำห้วยเจ็กน้อย,Huai Chek Noi Reservoir,แม่น้ำสงคราม,Songkhram River,38,บึงกาฬ,18.0833,103.5000,38,บึงกาฬ,15,reservoir
อ่างเก็บน้ำคลองใหญ่,Khlong Yai Reservoir,คลองใหญ่,Khlong Yai River,23,ตราด,12.0833,102.5833,23,ตราด,90,reservoir
เขื่อนปากประ,Pak Pra Dam,แม่น้ำชุมพร,Chumphon River,86,ชุมพร,10.4167,99.1333,86,ชุมพร,180,dam
อ่างเก็บน้ำคลองจันดี,Khlong Chan Di Reservoir,คลองจันดี,Khlong Chan Di River,80,นครศรีธรรมราช,8.5000,99.7500,80,นครศรีธรรมราช,260,reservoir
อ่างเก็บน้ำบางขัน,Bang Khan Reservoir,คลองบางขัน,Bang Khan Canal,80,นครศรีธรรมราช,8.7833,99.9167,80,นครศรีธรรมราช,48,reservoir
อ่างเก็บน้ำบางเหรียง,Bang Riang Reservoir,คลองพัทลุง,Phatthalung Canal,93,พัทลุง,7.5000,100.1667,"93,90","พัทลุง,สงขลา",60,reservoir
อ่างเก็บน้ำลำภูรา,Lam Phura Reservoir,คลองลำภูรา,Lam Phura Canal,92,ตรัง,7.5333,99.9000,92,ตรัง,100,reservoir
อ่างเก็บน้ำคลองท่อมใต้,Khlong Thom Tai Reservoir,คลองท่อม,Khlong Thom River,81,กระบี่,7.9167,99.0333,81,กระบี่,70,reservoir
อ่างเก็บน้ำกาญจนาภิเษก,Kanchanaphisek Reservoir,คลองกาญจนาภิเษก,Kanchanaphisek Canal,85,ระนอง,10.0833,98.6667,85,ระนอง,120,reservoir
อ่างเก็บน้ำทุ่งหลวง,Thung Luang Reservoir,คลองทุ่งหลวง,Thung Luang Canal,91,สตูล,6.7500,100.0667,91,สตูล,40,reservoir
อ่างเก็บน้ำบ้านช้าง,Ban Chang Reservoir,คลองพังงา,Phang-nga Canal,82,พังงา,8.3333,98.5167,82,พังงา,55,reservoir
อ่างเก็บน้ำสุไหงปาดี,Sungai Padi Reservoir,แม่น้ำบาเจาะ,Bacho River,96,นราธิวาส,6.1667,101.8333,96,นราธิวาส,90,reservoir
